candidate_name,committe_name,registration_date,termination_date,location,office,district_num,ytd_revenues,ytd_expenses,cash_balance,ins_date
"""Hofmeister"" Woodruff, Susan","Susan ""Hofmeister"" Woodruff for City Council",08/07/2015,01/26/2016,Bloomington,Council Member,2,$0.00,$0.00,$36.92,2018-02-03
"Abdulle, Abdi",Abdi Abdulle,07/15/2013,01/23/2014,Minneapolis,Council Member,9,$0.00,$0.00,$0.00,2018-02-03
"Abrams, Cynthia Bemis",Citizens for CBA Committee,12/07/2012,07/05/2016,Bloomington,Council Member,At large,$0.00,$0.00,$0.00,2018-02-03
"Adams, Justin",The Committee to Elect Justin C. Adams,01/05/2017,,Minneapolis,Council Member,3,$0.00,$0.00,$0.00,2018-02-03
"Addow, Abdi",Abdi Addow for Ward 6,11/04/2013,03/07/2014,Minneapolis,Council Member,6,$0.00,$0.00,$0.00,2018-02-03
"Alexander, Ian",Friends of Alexander,01/30/2013,02/23/2015,Minneapolis,Council Member,5,$0.00,$0.00,$30.76,2018-02-03
"Ali, Siad",Siad Ali for Minneapolis School Board,12/27/2013,,Minneapolis,School Board,3,$150.00,$746.57,$137.73,2018-02-03
"Altamirano, Iris",Iris for School Board Campaign,02/11/2014,02/02/2015,Minneapolis,School Board,At Large,$0.00,$0.00,$0.24,2018-02-03
"Anderson, Charlotte",Charlotte Anderson for Library Board,07/28/1989,,Minneapolis,Library Board,,$0.00,$0.00,$81.33,2018-02-03
"Anderson, Hans C.",Citizens for Hans,06/03/2011,01/30/2013,Bloomington,Mayor,,$0.00,$0.00,$98.19,2018-02-03
"Anderson, Mark",Mark V Anderson for Mayor,07/02/2013,02/11/2015,Minneapolis,Mayor,,$0.00,$0.00,$0.00,2018-02-03
"Anderson, Mary Merrill",Mary Merrill Anderson 4 Parks Committee,03/02/2005,09/23/2013,Minneapolis,Park Board,At Large,$0.00,$0.00,$0.00,2018-02-03
"Anderson, Merrill",Merrill Anderson Campaign Committee,09/23/2013,04/21/2015,Minneapolis,Mayor,,$0.00,$0.00,$0.00,2018-02-03
"Andrew, Mark",Mark Andrew for Minneapolis,02/04/2013,02/20/2015,Minneapolis,Mayor,,$0.00,$0.00,$0.00,2018-02-03
"Arcand, Amy",Neighbors for Amy Arcand,11/13/2008,01/20/2016,Minneapolis,Council Member,9,$0.00,$0.00,$0.00,2018-02-03
"Arneson, Jenny",Jenny Arneson for School Board,11/23/2009,,Minneapolis,School Board,1,$165.17,$316.15,"$1,450.08",2018-02-03
"Arulfo, Michael",Mike for Bloomington,03/10/2017,,Bloomington,Council Member,At large,"$9,203.00","$8,142.77","$1,060.23",2018-02-03
"Asberry, Tracine",Tracine Asberry for Minneapolis School Board,03/05/2012,,Minneapolis,School Board,6,$0.00,$0.00,$313.43,2018-02-03
"Axtell, Rod",Axtell Volunteer Committee,09/22/2005,,Bloomington,Council Member,2,$0.00,$0.00,"$2,452.56",2018-02-03
"Baloga, Jack",Baloga for Council Committee,09/02/2011,,Bloomington,Council Member,3,"$7,685.43","$5,892.02","$5,239.23",2018-02-03
"Barland, Steve",Barland for Parks,10/01/2013,01/31/2014,Minneapolis,Park Board,At Large,$0.00,$0.00,$0.00,2018-02-03
"Bates, Carla",Carla Bates for Minneapolis Schools,10/01/2007,01/26/2015,Minneapolis,School Board,At Large,$0.00,$0.00,$0.00,2018-02-03
"Becker, Carol",Becker Volunteer Committee,03/11/2005,,Minneapolis,Estimate & Tax Board,,"$1,236.18","$1,569.06","$1,509.04",2018-02-03
"Bender, Lisa",Neighbors for Lisa Bender,12/13/2012,,Minneapolis,Council Member,10,"$38,210.00","$82,583.39","$21,988.20",2018-02-03
"Benjegerdes, Troy",Troy Benjegerdes for Minneapolis Mayor,09/06/2013,02/03/2014,Minneapolis,Mayor,,$0.00,$0.00,$0.00,2018-02-03
"Bennett, Alicia",Alicia K Bennett for Mayor,08/26/2013,,Minneapolis,Mayor,,$0.00,$0.00,$564.94,2018-02-03
"Bicking, Dave",Bicking for City Council,08/09/2005,09/23/2014,Minneapolis,Council Member,9,$0.00,$0.00,$0.00,2018-02-03
"Bicott, Zavier",Friends of Zavier Bicott,06/17/2013,,Bloomington,Council Member,At large,$0.00,$0.00,$230.70,2018-02-03
"Bildsoe, Tim",Tim for Ward 3,06/27/2017,,Minneapolis,Council Member,3,"$45,352.00","$45,318.15",$35.85,2018-02-03
"Bohnen, Richard",Richard Bohnen Volunteer Committee,06/19/2013,03/25/2016,Bloomington,Council Member,1,$0.00,$0.00,$0.00,2018-02-03
"Bourn, Brad",Brad Bourn for Parks,04/17/2009,,Minneapolis,Park Board,6,"$19,953.67","$25,595.60","$3,063.23",2018-02-03
"Bradley, Ken",Neighbors for Bradley,11/13/2012,03/03/2014,Minneapolis,Council Member,10,$0.00,$0.00,$0.00,2018-02-03
"Broberg, Kris",Kris Broberg for City Council,05/06/2009,01/31/2014,Minneapolis,Council Member,13,$0.00,$0.00,$0.00,2018-02-03
"Brogan, Kris",Citizens for Kris Brogan (Ward 13),03/04/1993,,Minneapolis,Council Member,13,$0.00,$0.00,$3.63,2018-02-03
"Brogan, Kris",Friends of Kris Brogan,03/04/2013,01/21/2014,Minneapolis,Council Member,4,$0.00,$0.00,$0.00,2018-02-03
"Bruyere, Edmund",Bruyere for Minneapolis Mayor,10/22/2013,04/02/2014,Minneapolis,Mayor,,$0.00,$0.00,$-314.53,2018-02-03
"Buckner, Brett",Northside for Buckner,09/12/2012,,Minneapolis,Council Member,5,$0.00,$0.00,"$8,100.75",2018-02-03
"Bullard, Harrison",Bullard 4 Ward 12,09/05/2017,,Minneapolis,Council Member,12,$0.00,$0.00,$0.00,2018-02-03
"Burnison, Russ",Russ for City Council,08/02/2011,01/20/2015,Bloomington,Council Member,3,$0.00,$0.00,$9.75,2018-02-03
"Busse, Tim",Busse for Bloomington Committee,07/07/2011,,Bloomington,Council Member,At Large,$0.00,$0.00,$369.60,2018-02-03
"Callison, Jan",Callison Volunteer Committee,03/24/2008,,Hennepin County,Commissioner,6,$350.00,"$2,218.70","$11,679.81",2018-02-03
"Cano, Alondra",People for Alondra,01/06/2013,,Minneapolis,Council Member,9,"$34,324.99","$45,937.66","$2,679.25",2018-02-03
"Caprini, Kimberly",Kimberly Caprini for District 2 School Board Member,02/10/2016,,Minneapolis,School Board,2,$0.00,$0.00,$341.07,2018-02-03
"Carey, Jim",Jim Carey Volunteer Committee,11/23/1992,,Hennepin County,Three Rivers Park District,4,$0.00,$0.00,$226.48,2018-02-03
"Carlson, Robert (Andrew)",Carlson for City Council,05/03/2013,,Bloomington,Council Member,2,$0.00,$0.00,$22.17,2018-02-03
"Carney Jr, Robert",Bob Again,05/10/2013,02/05/2015,Minneapolis,Mayor,,$0.00,$0.00,$24.25,2018-02-03
"Carney Jr., Bob ""again""",Bobagain for Mayor,04/13/2017,10/30/2017,Minneapolis,Mayor,,$20.00,$20.00,$0.00,2018-02-03
"Casserly, Charlie",Casserly for Minneapolis,10/31/2017,,Minneapolis,Park Board,At large,"$1,560.00",$878.74,$681.26,2018-02-03
"Casserly, Charlie",Casserly for City Council,09/03/2013,01/31/2014,Minneapolis,Council Member,12,$0.00,$0.00,$9.37,2018-02-03
"Chamblis, Reva",Reva Chamblis Campaign Committee,05/20/2013,,Brooklyn Park,Council Member,East,$0.00,$0.00,"$2,084.89",2018-02-03
"Cherryhomes, Jackie",Cherryhomes for Mayor,02/04/2013,01/25/2016,Minneapolis,Mayor,,$0.00,$0.00,$0.00,2018-02-03
"Cobia, Jeffrey",Cobia for City Council,08/19/2009,,Minneapolis,Council Member,3,$0.00,$0.00,$718.91,2018-02-03
"Cohen, Daniel",Dan Cohen for Mayor,06/04/2013,01/28/2015,Minneapolis,Mayor,,$0.00,$0.00,$0.00,2018-02-03
"Colby, Jeanette",Friends of Jeanette,01/11/2017,,Minneapolis,Park Board,4,"$14,093.00","$12,680.97","$1,412.00",2018-02-03
"Colvin Roy, Sandra",Colvin Roy for City Council (Ward 12),01/09/1997,,Minneapolis,Council Member,12,$0.00,$7.29,"$3,900.35",2018-02-03
"Conley, Angela",Friends of Angela Conley,10/20/2017,,Hennepin County,Commissioner,4,$0.00,$0.00,$0.00,2018-02-03
"Cooney, John",John Cooney Volunteer Committee,03/04/2008,02/27/2017,Hennepin County,Commissioner,6,$0.00,$0.00,$83.19,2018-02-03
"Coulter, Nathan",Neighbors for Nathan,03/01/2017,,Bloomington,Council Member,At large,"$13,936.00","$13,866.16",$69.84,2018-02-03
"Cowgill, Jono",Jono 4 Parks,03/21/2017,,Minneapolis,Park Board,4,"$9,846.91","$8,141.39","$1,705.52",2018-02-03
"Cramer, Steve",Steve Cramer for Mayor Volunteer Committee,11/04/1992,03/04/2013,Minneapolis,Mayor,,$0.00,$0.00,$0.00,2018-02-03
"Crema, Peter",Committee to Reelect Peter Crema,07/20/2012,03/22/2013,Brooklyn Park,Council Member,East,$0.00,$0.00,$25.00,2018-02-03
"Cunningham, Phillipe",Northside Neighbors for Cunningham,11/28/2016,,Minneapolis,Council Member,4,"$33,004.40","$26,348.69","$9,536.25",2018-02-03
"Curtis, Charles",Curtis for City Council,03/15/2013,01/30/2015,Minneapolis,Council Member,9,$0.00,$0.00,$0.00,2018-02-03
"Davis, Jill",Jill Davis for Hennepin  County,03/13/2012,02/19/2013,Hennepin County,Commissioner,2,$0.00,$0.00,$0.00,2018-02-03
"Davis, Jill A.",Jill Davis for School Board,01/23/2006,01/23/2013,Minneapolis,School Board,,$0.00,$0.00,$0.00,2018-02-03
"Dehler, Steve",Dehler Volunteer Committee,05/21/2012,11/20/2012,Hennepin County,Commissioner,2,$0.00,$0.00,$57.00,2018-02-03
"Dehn, Raymond",Neighbors United for Raymond Dehn,12/30/2016,,Minneapolis,Mayor,,"$106,664.26","$100,271.38","$12,271.47",2018-02-03
"DeJournett, Jennifer",Friends of Jennifer DeJournett,08/29/2012,,Hennepin County,Three Rivers Park District,2,$0.00,$0.00,$296.30,2018-02-03
"Derus, Michael",Derus for Parks Committee,06/22/2016,,Minneapolis,Park Board,At large,"$20,441.46","$27,032.71","$1,676.14",2018-02-03
"Dorfman, Gail",Dorfman for County Commissioner (3),03/30/1999,02/24/2015,Hennepin County,Commissioner,3,$0.00,$0.00,"$4,025.36",2018-02-03
"Durant, Missy",Neighbors for Missy Durant,04/06/2013,01/15/2016,Minneapolis,Council Member,13,$0.00,$0.00,$0.00,2018-02-03
"Dziedzic, Walter",Dziedzic for Park Board (Park 1),05/28/1997,03/06/2013,Minneapolis,Park Board,1,$0.00,$0.00,"$-3,899.56",2018-02-03
"Eberhardy, Todd J.",Eberhardy for Ward 9,09/09/2009,,Minneapolis,Council Member,9,$0.00,$0.00,$225.54,2018-02-03
"Ellison, Jeremiah",Neighbors for Jeremiah,12/02/2016,,Minneapolis,Council Member,5,"$46,861.78","$49,142.43","$3,028.53",2018-02-03
"Ellison, Kim",Kim Ellison for Students,05/24/2012,,Minneapolis,School Board,2,$0.00,$0.00,"$3,064.20",2018-02-03
"Erickson, Joseph A.",Joseph Erickson Volunteer Committee (School Bd),06/08/2001,01/10/2018,Minneapolis,School Board,At large,$0.00,$209.98,$0.00,2018-02-03
"Erickson, Rolf",Rolf Erickson for Commissioner,06/15/2012,01/30/2013,Hennepin County,Commissioner,2,$0.00,$0.00,$0.00,2018-02-03
"Erwin, John",Erwin for Park Board (At Large),06/20/2001,,Minneapolis,Park Board,At large,$0.00,$144.83,$0.00,2018-02-03
"Estime, Jeanine",Communities United for Jeanine Estime,05/01/2009,05/20/2013,Minneapolis,Council Member,8,$0.00,$0.00,$11.12,2018-02-03
"Exner, Charles",Charles Exner for Parks,08/07/2017,,Minneapolis,Park Board,3,$904.90,$686.10,$218.70,2018-02-03
"Faitek, Adam",Neighbors for Adam Faitek,02/28/2017,,Minneapolis,Council Member,13,"$17,540.00","$16,285.93","$1,254.07",2018-02-03
"Farah, Mohamed",Friends for Farah,10/28/2016,,Minneapolis,Council Member,9,"$21,512.46","$31,651.07",$28.14,2018-02-03
"Felder, KerryJo",KerryJo 4 School Board,03/18/2016,,Minneapolis,School Board,2,$0.00,$0.00,$358.34,2018-02-03
"Fernando, Irene",Neighbors for Irene,10/03/2017,,Hennepin County,Commissioner,2,"$30,596.00","$18,675.02","$11,920.98",2018-02-03
"Fine, Bob",Fine for Parks Vol Comm,08/25/2017,,Minneapolis,Park Board,6,"$13,890.00","$1,625.30","$12,264.70",2018-02-03
"Fine, Bob",Fine for Mayor,08/06/2013,,Minneapolis,Mayor,,"$1,500.00","$1,500.00",$0.00,2018-02-03
"Fine, Bob",Fine for Parks Volunteer Committee,07/11/2005,01/20/2015,Minneapolis,Park Board,6,$0.00,$0.00,$0.00,2018-02-03
"Fine, Bob",Fine for Parks-At Large,09/05/2009,,Minneapolis,Park Board,At large,$0.00,$0.00,$600.00,2018-02-03
"Flanagan, Margaret Ann Hartmann",Friends of Peggy Flanagan,03/26/2004,05/11/2017,Minneapolis,School Board,At large,$0.00,$0.00,$0.00,2018-02-03
"Fleetham, Patrick",Pat Fleetham 4 Mpls City Council,04/16/2013,,Minneapolis,Council Member,9,$0.00,$0.00,$67.47,2018-02-03
"Fletcher, Steven",Neighbors for Fletcher,01/09/2017,,Minneapolis,Council Member,3,"$51,899.95","$49,771.96","$2,127.99",2018-02-03
"Flisrand, Janne",Neighbors for Janne,11/10/2016,,Minneapolis,Council Member,7,"$64,343.90","$78,656.19","$4,988.69",2018-02-03
"Flowers, Al",Truth to the People Campaign Committee,04/19/2017,,Minneapolis,Mayor,,"$6,471.68","$6,860.87",$-389.19,2018-02-03
"Flynn Forslund, Tiffini",Vote Tiffini 2017,01/30/2017,,Minneapolis,Council Member,6,"$1,627.25","$1,618.34",$8.91,2018-02-03
"Forney, Meg",Meg Forney for Parks,09/05/2013,,Minneapolis,Park Board,At large,"$42,419.55","$54,849.69",$200.75,2018-02-03
"Foxworth, Kenneth",Friends for Ken Foxworth,03/20/2013,08/07/2017,Minneapolis,Council Member,5,$0.00,$0.00,$0.00,2018-02-03
"Franson, Dick",Dick Franson for Mayor Volunteer Committee,02/01/2013,09/03/2013,Minneapolis,Mayor,,$0.00,$0.00,$0.00,2018-02-03
"Franson, Dick",Dick Franson for 12th Ward Council Member Vol Comm,06/24/2013,01/29/2014,Minneapolis,Council Member,12,$0.00,$0.00,$0.00,2018-02-03
"Franson, Dick","""Dick"" Franson for School Bd Vol Com",05/28/2014,01/30/2015,Minneapolis,School Board,At Large,$0.00,$0.00,$94.99,2018-02-03
"Free, Addy",Neighbors for Addy,03/07/2017,,Minneapolis,Park Board,4,"$2,939.79","$1,064.87","$1,874.92",2018-02-03
"Freeman, Daniel",Freeman Volunteer Committee,07/12/2012,,Hennepin County,Three Rivers Park District,3,$0.00,$0.00,$883.85,2018-02-03
"Freeman, Michael O.",Return Mike Freeman - Hennepin County Attorney,09/09/2005,,Hennepin County,County Attorney,,"$25,123.00","$10,762.67","$45,734.01",2018-02-03
"French, Londel",French for Parks,12/19/2016,,Minneapolis,Park Board,At large,"$15,718.12","$16,326.79",$115.23,2018-02-03
"Frey, Jacob",Jacob Frey for Our City,10/05/2012,,Minneapolis,Mayor,,"$605,772.74","$776,401.44","$6,998.50",2018-02-03
"Frizell, Eddie",Campaign Fund of Eddie M Frizell,07/03/2014,02/03/2015,Hennepin County,Sheriff,,$0.00,$0.00,$0.00,2018-02-03
"Frost, Larry",Frost for Council,06/14/2017,01/12/2018,Bloomington,Council Member,3,$924.65,$924.65,$0.00,2018-02-03
"Gagnon, Rebecca",Rebecca Gagnon's Campaign Fund,06/08/2010,,Minneapolis,School Board,At Large,$0.00,$0.00,$908.61,2018-02-03
"Gasca, Stephanie",United for Stephanie,12/23/2016,,Minneapolis,Council Member,4,"$11,935.75","$12,423.39",$-80.60,2018-02-03
"Gaskins, Robert",Gaskins for City Council,05/20/2016,11/21/2016,Brooklyn Park,Council Member,East,$0.00,$0.00,$43.99,2018-02-03
"Gates, Rich",Rich Gates for City Council,09/02/2014,,Brooklyn Park,Council Member,Central,$0.00,$0.00,$0.00,2018-02-03
"Gearin, Terry",Terry Gearin Election Committee,06/22/2012,02/01/2013,Brooklyn Park,Council Member,West,$0.00,$0.00,$0.00,2018-02-03
"Gers, Charlie",Charlie for Mayor,08/21/2017,11/13/2017,Minneapolis,Mayor,,$0.00,$0.00,$0.00,2018-02-03
"Gibbs, John",John Gibbs Volunteer Committee,09/13/2010,,Hennepin County,Three Rivers Park District,5,$0.00,$0.00,$19.41,2018-02-03
"Gisselman, Ben",Ben Gisselman for Ward 12,08/12/2013,02/19/2015,Minneapolis,Council Member,12,$0.00,$0.00,$0.00,2018-02-03
"Glidden, Elizabeth",Volunteers for Elizabeth Glidden,01/03/2004,,Minneapolis,Council Member,8,$0.00,$0.00,"$3,665.58",2018-02-03
"Goettel, Debbie",Debbie Goettel for Hennepin County,05/18/2016,,Hennepin County,Commissioner,5,"$10,245.00","$10,530.90","$8,244.38",2018-02-03
"Goodman, Lisa",Friends for Lisa Goodman,02/07/1997,,Minneapolis,Council Member,7,"$117,663.13","$143,769.27","$107,059.03",2018-02-03
"Gordon, Cam",Neighbors for Cam Gordon,12/28/2000,,Minneapolis,Council Member,2,$583.00,"$4,975.02","$4,148.53",2018-02-03
"Graves, Rochelle Berry",Graves Volunteer Committee (Park At Large),06/07/1993,01/04/2013,Minneapolis,Park Board,At Large,$0.00,$0.00,$28.88,2018-02-03
"Greene, Marion",Marion for Hennepin,12/06/2013,,Hennepin County,Commissioner,3,"$27,290.00","$12,237.98","$51,292.60",2018-02-03
"Gronquist, Kristina",Gronquist for City Council,04/26/2013,11/25/2014,Minneapolis,Council Member,3,$0.00,$0.00,$0.00,2018-02-03
"Guest, Michael",Guest for Parks,09/08/2009,05/04/2015,Minneapolis,Park Board,2,$0.00,$0.00,$0.00,2018-02-03
"Gunyou, John",Committee to Elect John Gunyou,06/08/2012,,Hennepin County,Three Rivers Park District,4,$0.00,$368.00,$832.90,2018-02-03
"Haggerty, Mark",Haggerty for Parks Commissioner,07/31/2006,12/28/2012,Hennepin County,Three Rivers Park District,3,$0.00,$0.00,$99.99,2018-02-03
"Hansen, Dana",Dana Hansen for Ward 4,08/14/2017,12/29/2017,Minneapolis,Council Member,4,$800.00,$800.00,$0.00,2018-02-03
"Hanson, Amy",Amy S Hanson for City Council,06/16/2016,,Brooklyn Park,Council Member,West,$0.00,$0.00,$371.81,2018-02-03
"Harp, Sandra",Sandra Harp Volunteer Committee (School Board),09/08/1987,,Minneapolis,School Board,,$0.00,$0.00,$0.00,2018-02-03
"Hartwig, John",John L  Hartwig for Mayor,08/20/2013,01/21/2015,Minneapolis,Mayor,,$0.00,$0.00,$0.00,2018-02-03
"Hassan, Abdikadir",AK Hassan for Minneapolis Parks,12/20/2016,,Minneapolis,Park Board,3,"$14,202.04","$12,820.58","$1,381.46",2018-02-03
"Hatt, Katie",Hatt for Hennepin County Commissioner,12/02/2013,01/29/2015,Hennepin County,Commissioner,3,$0.00,$0.00,$0.00,2018-02-03
"Hayden, John",Hayden for Ward One,04/24/2017,,Minneapolis,Council Member,1,"$7,780.62","$7,118.10",$661.92,2018-02-03
"Heinen, Kevin",Heinen for City Council,08/12/2015,02/02/2016,Bloomington,Council Member,At Large,$0.00,$0.00,$0.00,2018-02-03
"Henry, Russ",Russ Henry for Park Board,03/03/2016,,Minneapolis,Park Board,At large,"$20,771.00","$22,245.41","$1,211.43",2018-02-03
"Higgins, Linda",Volunteers for Higgins,03/02/2012,,Hennepin County,Commissioner,2,$100.00,"$1,282.95","$9,274.15",2018-02-03
"Higgins, Susan",Friends of Susan for Ward 3,02/03/2017,01/16/2018,Minneapolis,Council Member,3,"$6,610.00","$6,600.94",$9.06,2018-02-03
"Hill, Casper",Neighbors for Casper Hill,09/13/2013,02/02/2015,Minneapolis,Park Board,At Large,$0.00,$0.00,$84.88,2018-02-03
"Hill, Jettie Ann",Jettie Ann Hill for City Council,03/22/2013,01/24/2014,Minneapolis,Council Member,9,$0.00,$0.00,$86.12,2018-02-03
"Hoch, Tom",Tom Hoch for Minneapolis,02/09/2017,,Minneapolis,Mayor,,"$957,015.78","$952,440.14","$4,575.64",2018-02-03
"Hodges, Betsy",Hodges for Mayor,11/28/2012,,Minneapolis,Mayor,,"$438,632.20","$475,621.41","$4,181.00",2018-02-03
"Hodges, Betsy",Neighbors for Hodges,12/08/2004,,Minneapolis,Council Member,13,$0.00,$0.00,"$2,314.86",2018-02-03
"Hofstede, Diane",Diane Hofstede for City Council,01/11/2005,01/30/2014,Minneapolis,Council Member,3,$0.00,$0.00,$87.96,2018-02-03
"Hogan, Devin",Devin for Parks,12/21/2016,01/31/2018,Minneapolis,Park Board,At large,"$8,979.32","$9,779.72",$4.50,2018-02-03
"Hohmann, Michael",Hohmann for City Council Committee,01/26/2005,02/11/2014,Minneapolis,Council Member,13,$0.00,$0.00,$83.95,2018-02-03
"Holsinger, David",Committee to Elect David Holsinger,08/07/2017,,Minneapolis,Council Member,8,$745.00,$699.76,$45.24,2018-02-03
"Honerbrink, Jonathan",Jonathan Honerbrink for Mayor,04/13/2017,08/01/2017,Minneapolis,Mayor,,"$25,920.10","$25,920.10",$0.00,2018-02-03
"Honerbrink, Jonathan",Jonathan for Minneapolis,08/01/2017,,Minneapolis,Park Board,At large,"$16,116.92","$16,116.92",$0.00,2018-02-03
"Hulting, Thomas",Tom Hulting for Council,09/02/2009,01/18/2017,Bloomington,Council Member,2,$0.00,$0.00,$0.00,2018-02-03
"Huseby, Dakota",Elect Dakota Huseby,06/18/2012,12/17/2012,Brooklyn Park,Council Member,East,$0.00,$0.00,$0.00,2018-02-03
"Hutch, Dave",Hutch for Sherriff Volunteer Committee,12/18/2017,,Hennepin County,Sheriff,,$0.00,$0.00,$0.00,2018-02-03
"Inz, Nelson",Nelson Inz for Schools,02/10/2014,,Minneapolis,School Board,5,$0.00,$0.00,"$2,021.06",2018-02-03
"Israel, Ishmael",Ishmael for Park Board Commissioner,09/27/2013,01/31/2014,Minneapolis,Park Board,At Large,$0.00,$0.00,$0.00,2018-02-03
"Jackson, James",James Jackson for Brooklyn Park City Council Race,08/02/2016,01/03/2017,Brooklyn Park,Council Member,Central,$0.00,$0.00,$0.00,2018-02-03
"Jacobson, Lisa",Lisa Jacobson for City Council,06/10/2016,,Brooklyn Park,Council Member,East,$0.00,$0.00,$36.04,2018-02-03
"Jenkins, Andrea",Andrea Jenkins for Ward 8,12/22/2016,,Minneapolis,Council Member,8,"$39,612.00","$25,749.83","$17,654.56",2018-02-03
"Jentzen, Ginger",Vote Ginger Jentzen,02/02/2017,,Minneapolis,Council Member,3,"$156,688.52","$99,187.07","$57,501.45",2018-02-03
"Johnson, Andrew",Andrew Johnson for Minneapolis City Council,02/15/2013,,Minneapolis,Council Member,12,"$30,107.00","$38,652.92","$37,320.89",2018-02-03
"Johnson, Barbara",Barb Johnson Volunteer Committee (Ward 4),02/11/1997,,Minneapolis,Council Member,4,"$107,260.00","$146,139.00","$13,295.00",2018-02-03
"Johnson, Curtis",Curtis Johnson for Minneapolis Schools,02/17/2012,11/29/2012,Minneapolis,School Board,6,$0.00,$0.00,$0.00,2018-02-03
"Johnson, Jeff R",Jeff Johnson for County Commissioner,06/14/2007,,Hennepin County,Commissioner,7,$250.00,"$1,622.50","$1,694.76",2018-02-03
"Johnson, Kenneth",Ken Johnson Volunteer Committee,07/12/2013,03/17/2014,Bloomington,Council Member,4,$0.00,$0.00,$0.00,2018-02-03
"Johnson, Randy",Friends of Randy Johnson (Commissioner 5),06/05/1980,,Hennepin County,Commissioner,5,$0.00,"$7,514.42","$4,072.71",2018-02-03
"Johnson, Tonia",Johnson4d2,03/16/2012,02/24/2015,Hennepin County,Commissioner,2,$0.00,$0.00,$44.80,2018-02-03
"Jordan, John",John Jordan for City Council,06/05/2012,07/21/2016,Brooklyn Park,Council Member,West,$0.00,$0.00,$0.00,2018-02-03
"Jourdain, Ira",Ira Jourdain for Mpls Board Education,04/11/2014,02/02/2015,Minneapolis,School Board,At large,$0.00,$0.00,$0.00,2018-02-03
"Jourdain, Ira",Ira Jourdain for District 6,12/17/2015,,Minneapolis,School Board,6,$0.00,$0.00,"$1,798.71",2018-02-03
"Kahn, Bill",Last Minneapolis Mayor Committee,10/29/2013,,Minneapolis,Mayor,,$0.00,$0.00,$0.00,2018-02-03
"Kane, April",April Kane,08/25/2017,,Minneapolis,Council Member,8,$0.00,$0.00,$0.00,2018-02-03
"Kelash, Kenneth",Kelash for Commissioner,12/30/2013,02/02/2015,Hennepin County,Commissioner,3,$0.00,$0.00,$0.00,2018-02-03
"Killian, Kendal",Kendal Killian for City Council,11/21/2012,03/22/2015,Minneapolis,Council Member,10,$0.00,$0.00,$0.00,2018-02-03
"King, Louis",Louis King Volunteer Committee (School Board),06/05/1995,02/06/2014,Minneapolis,School Board,,$0.00,$0.00,$0.00,2018-02-03
"Klevan Schmitz, Lenny",Klevan Schmitz for Council,06/08/2017,,Bloomington,Council Member,2,"$3,074.54","$3,046.71",$27.83,2018-02-03
"Koepke, Jim",Jim Koepke Campaign,08/01/2012,12/17/2012,Hennepin County,Commissioner,5,$0.00,$0.00,$0.01,2018-02-03
"Kovacs, Joseph",Kovacs for City Council,04/19/2017,,Minneapolis,Council Member,7,"$3,679.75","$3,629.61",$50.14,2018-02-03
"Krueger, Rod",Krueger for Library Board,07/26/1993,01/31/2018,Minneapolis,Library Board,,$0.00,$0.00,$1.89,2018-02-03
"Kuhl-Stennes, Megan",Neighbors for Megan,11/17/2017,,Hennepin County,Commissioner,4,"$1,715.00",$134.32,"$1,580.68",2018-02-03
"Kummer, Carol",Supporters of Kummer for Park Board,03/10/2006,01/22/2014,Minneapolis,Park Board,,$0.00,$0.00,$0.00,2018-02-03
"Kurdyumova, Yelena",Elect Yelana S. Kurdyumova,07/20/2016,02/06/2017,Brooklyn Park,Council Member,West,$0.00,$0.00,$0.00,2018-02-03
"Lange, William",William Lange for School Board District 4,08/02/2012,04/11/2017,Minneapolis,School Board,4,$0.00,$0.00,$236.46,2018-02-03
"Larson, Jay",Jay Larson for School Board,07/31/2014,01/30/2015,Minneapolis,School Board,5,$0.00,$0.00,$0.00,2018-02-03
"Lautenschlager, Chris",Lautenschlager for City Council,03/08/2013,01/31/2014,Minneapolis,Council Member,12,$0.00,$0.00,$0.00,2018-02-03
"Leininger, Larry",White Working Mans Party,08/08/2005,12/20/2017,Minneapolis,Council Member,3,$0.00,$0.00,$0.00,2018-02-03
"Lessard, George",George Lessard,06/03/2016,02/01/2017,Brooklyn Park,Council Member,Central,$0.00,$0.00,$0.00,2018-02-03
"Levy  Pounds, Nekima",Minneapolis for Nekima,12/22/2016,,Minneapolis,Mayor,,"$46,049.02","$39,379.98","$10,687.93",2018-02-03
"Lewis, Cheryl",Cheryl for City Council,07/07/2017,,Bloomington,Council Member,2,$280.00,$260.24,$19.76,2018-02-03
"Lilligren, Robert",Vote Robert Campaign,10/07/2004,01/09/2015,Minneapolis,Council Member,6,$0.00,$0.00,$0.00,2018-02-03
"Limmer, Warren",Limmer for Commissioner Committee,10/02/2007,02/03/2014,Hennepin County,Commissioner,7,$0.00,$0.00,$0.00,2018-02-03
"Lischeid, Ronald",Ron4MayorMpls,08/30/2017,,Minneapolis,Mayor,,$810.26,$679.66,$130.60,2018-02-03
"Lowman, Dwayne",Campaign Fund of Dwayne A Lowman for Bloomington,06/24/2013,,Bloomington,Council Member,1,$0.00,$87.84,$566.89,2018-02-03
"Luce, David",Luce for Park and Rec,07/24/2013,01/15/2014,Minneapolis,Park Board,2,$0.00,$0.00,$0.00,2018-02-03
"Lunde, Jeffrey",Lunde for Mayor,08/20/2014,02/19/2016,Brooklyn Park,Mayor,,$0.00,$0.00,$0.00,2018-02-03
"Lundeen, Bruce",Bruce for City Council,08/08/2017,,Minneapolis,Council Member,10,$702.01,$333.85,$368.16,2018-02-03
"Mammen, Richard",Richard Mammen for Schools,02/16/2010,01/11/2015,Minneapolis,School Board,At Large,$0.00,$0.00,$92.14,2018-02-03
"Mann, Doug",Mann for School Board,07/06/2012,01/26/2016,Minneapolis,School Board,At Large,$0.00,$0.00,$0.00,2018-02-03
"Mann, Doug",Mann for Mayor,06/03/2013,02/11/2014,Minneapolis,Mayor,,$0.00,$0.00,$0.00,2018-02-03
"Marsh Stephens, Joy",Joy for Brooklyn Park,01/28/2014,08/25/2015,Brooklyn Park,Mayor,,$0.00,$0.00,$0.00,2018-02-03
"Marsh Stephens, Joy",Joy for District 1,06/12/2012,01/30/2015,Hennepin County,Commissioner,1,$0.00,$0.00,$0.00,2018-02-03
"Martin, Patrick",Patrick Martin for Bloomington,02/27/2017,,Bloomington,Council Member,4,"$2,840.12","$2,591.14",$248.98,2018-02-03
"Mata, Mark",Mark Mata for Council,06/13/2016,01/30/2017,Brooklyn Park,Council Member,Central,$0.00,$0.00,$0.00,2018-02-03
"Mauter, Erica",Neighbors for Erica Mauter,12/16/2016,,Minneapolis,Council Member,11,"$25,518.69","$22,102.59","$8,854.10",2018-02-03
"Mavity, Anne",Anne Mavity Volunteer Committee,12/06/2013,02/04/2015,Hennepin County,Commissioner,3,$0.00,$0.00,$31.08,2018-02-03
"McClellan, Johnathon",McClellan For Bloomington,06/02/2015,,Bloomington,Council Member,1,$0.00,$0.00,$221.22,2018-02-03
"McDonald, Kevin",Neighbors for Kevin McDonald,04/11/2005,03/06/2012,Minneapolis,Council Member,12,$0.00,$0.00,$28.46,2018-02-03
"Mclaughlin, Peter",Mclaughlin for Mayor,12/23/2004,,Minneapolis,Mayor,,$0.00,$0.00,$568.38,2018-02-03
"McLaughlin, Peter",Friends of Peter Mclaughlin,02/27/1990,,Hennepin County,Commissioner,4,"$4,516.98","$3,420.30","$23,495.71",2018-02-03
"McPherson, Marylynn",Marylynn for Park Board,09/10/2013,02/18/2015,Minneapolis,Park Board,At Large,$0.00,$0.00,$34.09,2018-02-03
"Menz, Billly",Menz 4 Park Board,06/26/2017,,Minneapolis,Park Board,1,"$13,975.14","$13,568.31",$406.83,2018-02-03
"Meyer, Christopher",Meyer for Parks,03/22/2017,,Minneapolis,Park Board,1,"$12,335.00","$10,615.54","$1,719.46",2018-02-03
"Miller, Bob",Bob Miller for Mayor,11/12/2008,,Minneapolis,Mayor,,$0.00,$0.00,"$1,340.00",2018-02-03
"Minck, Andrew",Andrew Minck for Minneapolis Public Schools,04/01/2014,10/01/2014,Minneapolis,School Board,At Large,$0.00,$0.00,$0.00,2018-02-03
"Mohamed, Abdi ""Gurhan""",Gurhan for Parks,11/30/2016,,Minneapolis,Park Board,3,"$11,460.00","$20,409.31","$1,083.19",2018-02-03
"Moller, Andrew",Andrew K Moller Election Committee,06/09/2016,01/31/2018,Hennepin County,Commissioner,5,$0.00,$0.00,$44.00,2018-02-03
"Monserrate, Alberto",Alberto Monserrate for Minneapolis School Board,03/04/2010,01/28/2016,Minneapolis,School Board,5,$0.00,$0.00,$0.86,2018-02-03
"Moore, Ty",Ty Moore for City Council,02/20/2013,,Minneapolis,Council Member,9,$0.00,$0.00,$66.28,2018-02-03
"Morales, Luis",Campaign Fund for Luis Morales,02/12/2014,08/05/2014,Minneapolis,School Board,5,$0.00,$0.00,$39.77,2018-02-03
"Murdock, Kathleen",Volunteers of Kathleen Murdock,07/02/2002,01/23/2014,Hennepin County,Commissioner,2,$0.00,$0.00,$39.91,2018-02-03
"Musich, Steffanie",Musich for Parks,01/03/2013,,Minneapolis,Park Board,5,"$6,858.48","$6,864.59","$1,834.67",2018-02-03
"Neiman, Joshua",Neiman for Parks,04/26/2013,01/31/2017,Minneapolis,Park Board,6,$0.00,$0.00,$0.00,2018-02-03
"Nelson, Shawn",Nelson for Bloomington,06/09/2017,,Bloomington,Council Member,2,"$7,730.70","$7,625.90",$104.80,2018-02-03
"Noor, Mohamud",Noor for Ward 6,01/31/2017,,Minneapolis,Council Member,6,"$40,257.60","$33,811.67","$6,445.93",2018-02-03
"Nordyke, Tom",Nordyke for Minneapolis Parks Committee,04/21/2005,,Minneapolis,Park Board,At large,$0.00,$0.00,$0.00,2018-02-03
"Nordyke, Tom",Nordyke for Minneapolis Parks,09/13/2017,,Minneapolis,Park Board,4,"$15,174.98","$15,174.98",$0.56,2018-02-03
"O'Connor, Mary",Committee to Elect Mary O'Connor,05/24/2010,03/04/2013,Hennepin County,Commissioner,1,$0.00,$0.00,$0.00,2018-02-03
"O'Connor, Mary",Campaign to Elect Mary O'Connor,06/22/2016,01/24/2017,Hennepin County,Commissioner,1,$0.00,$0.00,$46.00,2018-02-03
"Oleson, Jon",Oleson for IV Principal Campaign Committee,07/16/2013,01/05/2018,Bloomington,Council Member,4,"$5,460.12","$5,485.16",$0.00,2018-02-03
"Olson, Jon Christopher",Jon Olson Volunteer Committee Dist 2,07/03/2001,01/29/2018,Minneapolis,Park Board,2,"$4,796.61","$5,050.38",$0.00,2018-02-03
"Opat, Michael J.",Mike Opat Volunteer Committee,12/19/1991,,Hennepin County,Commissioner,1,$500.79,"$10,050.83","$7,897.60",2018-02-03
"Palmisano, Linea",Neighbors for Linea,01/07/2013,,Minneapolis,Council Member,13,"$38,816.00","$51,138.54","$28,041.03",2018-02-03
"Parker, Troy",Troy Parker for 4th Ward City Council,02/19/2009,,Minneapolis,Council Member,4,$0.00,$0.00,$14.94,2018-02-03
"Parks, Terry",Terry Parks for City Council,05/30/2014,,Brooklyn Park,Council Member,East,$0.00,$0.00,$49.75,2018-02-03
"Pascoe, David",Committee to Elect David Pascoe to the Bd of Est & Tax,08/02/2013,11/12/2013,Minneapolis,Estimate & Tax Board,,$0.00,$0.00,$79.37,2018-02-03
"Pauly, Josh",Josh Pauly for Minneapolis School Board,01/24/2018,,Minneapolis,School Board,At large,$0.00,$0.00,$0.00,2018-02-03
"Peer, Steve",Peer for City Council,08/08/2013,01/25/2018,Bloomington,Council Member,3,$0.00,$419.62,$0.00,2018-02-03
"Pentel, Paula",Paula Pentel Volunteer Committee,03/28/2012,01/30/2014,Hennepin County,Commissioner,2,$0.00,$0.00,$-47.28,2018-02-03
"Perry, Matt",Neighbors for Perry,12/07/2012,,Minneapolis,Council Member,13,$550.00,$683.41,$0.00,2018-02-03
"Pessenda, Jillia",Neighbors for Jillia,11/30/2016,,Minneapolis,Council Member,1,"$52,908.75","$49,249.58","$12,417.02",2018-02-03
"Peters, Joan E.",Peters for Parks,12/10/2010,01/08/2013,Hennepin County,Three Rivers Park District,3,$0.00,$0.00,$0.00,2018-02-03
"Peterson, Maureen",Maureen Peterson for Bloomington City Council,09/04/2003,03/20/2013,Bloomington,Council Member,At Large,$0.00,$0.00,$-579.24,2018-02-03
"Peterson, Steve",Peterson Volunteer Committee,12/04/1998,06/19/2013,Bloomington,Council Member,1,$0.00,$0.00,$0.00,2018-02-03
"Pha, Susan",Susan Pha for City Council,03/09/2016,06/29/2017,Brooklyn Park,Council Member,West,$0.00,$278.67,$0.00,2018-02-03
"Phung, Alex",Alex Phung for School Board,01/26/2012,01/17/2017,Minneapolis,School Board,6,$0.00,$0.00,$0.00,2018-02-03
"Pierson, Cordelia",Cordelia Pierson for City Council,01/06/2017,,Minneapolis,Council Member,3,"$22,288.00","$22,701.80",$-413.80,2018-02-03
"Pilotta, Nick",L.A. Nik for Mayor,03/03/2017,,Minneapolis,Mayor,,$0.00,$0.00,$0.00,2018-02-03
"Pree-Stinson, Samantha",Campaign to Elect Samantha Pree-Stinson,02/23/2017,,Minneapolis,Council Member,3,"$39,410.00","$30,553.48","$8,856.52",2018-02-03
"Quincy, John",Neighbors for John Quincy,12/31/2008,01/31/2018,Minneapolis,Council Member,11,"$56,106.17","$79,055.92",$59.99,2018-02-03
"Rahman, Aswar",Aswar for Mayor,02/14/2017,,Minneapolis,Mayor,,"$13,625.00","$9,775.25","$3,849.75",2018-02-03
"Rains, Chris",Chris Rains for Commissioner,06/19/2012,01/30/2013,Hennepin County,Commissioner,1,$0.00,$0.00,$0.00,2018-02-03
"Redmond, LaDonna",LaDonna Redmond for Hennipen County,12/26/2017,,Hennepin County,Commissioner,3,"$1,481.00",$11.26,"$1,469.74",2018-02-03
"Reich, Kevin",Reich for Ward 1,01/14/2009,,Minneapolis,Council Member,1,"$89,987.00","$97,261.08","$19,438.94",2018-02-03
"Reichert, William",Elect Reichert,06/17/2016,,Hennepin County,Commissioner,5,$0.00,$0.00,$36.13,2018-02-03
"Reichert, William",William Reichert for Bloomington City Council,08/06/2013,02/18/2015,Bloomington,Council Member,3,$0.00,$0.00,$0.00,2018-02-03
"Remnitz, Josh",Josh Remnitz for Minneapolis School Board,05/31/2012,,Minneapolis,School Board,4,$33.14,$0.00,"$2,857.15",2018-02-03
"Reuer, Bob",Elect Bob Reuer,10/22/2013,01/30/2014,Minneapolis,Council Member,13,$0.00,$0.00,$47.81,2018-02-03
"Reuer, Bob",Bob Reuer for City Council,10/27/2017,,Minneapolis,Council Member,13,"$5,243.29","$5,243.29",$0.00,2018-02-03
"Romanishan, Saralyn",Saralyn Romanishan for Ward 10,06/23/2017,,Minneapolis,Council Member,10,"$7,287.00","$6,840.38",$446.62,2018-02-03
"Rosenfeld, David",MN Socialist Workers Campaign 2017,04/25/2017,10/30/2017,Minneapolis,Mayor,,$547.65,$450.76,$96.89,2018-02-03
"Rybak, Rt",RT for Mayor Committee,12/13/2000,07/23/2013,Minneapolis,Mayor,,$0.00,$0.00,$0.00,2018-02-03
"Samatar, Hussein",Samatar for School Board,02/11/2010,02/06/2014,Minneapolis,School Board,3,$0.00,$0.00,$0.00,2018-02-03
"Samuels, Don",Samuels for County Commissioner,03/13/2012,08/08/2012,Hennepin County,Commissioner,2,$0.00,$0.00,$100.00,2018-02-03
"Samuels, Don",Samuels for Mayor,12/28/2012,04/27/2017,Minneapolis,Mayor,,$0.00,$0.00,$-19.98,2018-02-03
"Samuels, Don",Samuels for School Board,07/03/2014,,Minneapolis,School Board,At Large,$0.00,$0.00,"$1,246.09",2018-02-03
"Samuels, Donald",Samuels for Council,12/12/2002,,Minneapolis,Council Member,5,$0.00,$0.00,"$4,061.84",2018-02-03
"Savior, Ole",Ole Savior Mayor Mpls Republican 2013,08/12/2013,01/24/2014,Minneapolis,Mayor,,$0.00,$0.00,$100.00,2018-02-03
"Savran, Laurie",Laurie Savran for Library Board Campaign,01/11/2001,01/15/2016,Minneapolis,Library Board,,$0.00,$0.00,$21.65,2018-02-03
"Sayles Belton, Sharon",Belton for Mayor,02/10/2000,,Minneapolis,Mayor,,$0.00,$0.00,$23.63,2018-02-03
"Scallen Failor, Maureen",Friends of Maureen for County Board,06/02/2016,01/31/2017,Hennepin County,Commissioner,5,$0.00,$0.00,$0.00,2018-02-03
"Schiff, Gary",Neighbors for Gary Schiff,02/18/2000,,Minneapolis,Council Member,9,"$70,545.00","$71,818.77","$-1,270.77",2018-02-03
"Schiff, Gary",Gary Schiff for Mayor,12/12/2012,,Minneapolis,Mayor,,$0.00,$0.00,"$27,107.23",2018-02-03
"Schlosser, Robert",Upright Citizens League,08/21/2013,01/28/2014,Minneapolis,Council Member,11,$0.00,$0.00,$33.73,2018-02-03
"Schlosser, Robert",Upright Citezens League,08/15/2017,12/04/2017,Minneapolis,Park Board,6,$87.00,$87.00,$0.00,2018-02-03
"Schmidt, Steve",Schmidt for City Council,09/05/2014,01/16/2015,Brooklyn Park,Council Member,Central,$0.00,$0.00,$0.00,2018-02-03
"Schorn, David",Schorn for Ward 10,06/26/2017,,Minneapolis,Council Member,10,"$2,646.00",$341.44,"$2,304.56",2018-02-03
"Schroeder, Jeremy",Jeremy for Minneapolis,10/05/2016,,Minneapolis,Council Member,11,"$18,213.00","$15,478.44","$6,214.85",2018-02-03
"Schweigert, Ben",Ben Schweigert for Hennepin,11/25/2013,06/12/2014,Hennepin County,Commissioner,3,$0.00,$0.00,$52.45,2018-02-03
"Scott, Traci",Traci Scott Volunteer Committee,06/25/2001,,Minneapolis,Park Board,At large,$0.00,$0.00,$561.46,2018-02-03
"Severson, Kale",Vote Kale,05/03/2013,,Minneapolis,Park Board,2,"$15,503.27","$13,226.30","$2,854.08",2018-02-03
"Shroyer, Bill",Bill for Minneapolis Parks,06/06/2017,,Minneapolis,Park Board,5,"$6,145.25","$8,075.46","$-1,930.21",2018-02-03
"Skavnak, John",John P Skavnak Campaign Committee,05/30/2014,01/26/2016,Hennepin County,Three Rivers Park District,2,$0.00,$0.00,$0.00,2018-02-03
"Smith  Baker, Chanda",Chanda Smith Baker for Public Schools,03/18/2010,,Minneapolis,School Board,At large,$0.00,$0.00,$76.54,2018-02-03
"Smithrud, Roger",Smithrud for Commissioner,07/09/2010,,Hennepin County,Commissioner,2,$0.00,$0.00,$36.37,2018-02-03
"Smithrud, Roger",Smithrud for Ward 5,11/02/2009,,Minneapolis,Council Member,5,$0.00,$0.00,$0.00,2018-02-03
"Sorensen, Soren",Soren Sorensen  for Minneapolis School Board,06/13/2014,10/17/2014,Minneapolis,School Board,At Large,$0.00,$0.00,$0.52,2018-02-03
"Spann, Cathy",Spann for Ward 5,04/13/2017,,Minneapolis,Council Member,5,"$3,765.80","$3,775.80",$-10.00,2018-02-03
"Sparrow, Captain Jack",Captain Jack Sparrow Campaign Committee,03/28/2017,01/31/2018,Minneapolis,Mayor,,$679.94,$679.94,$0.00,2018-02-03
"Sparrow, Captain Jack",Captain Jack Sparrow Campaign Committee,09/02/2014,02/25/2016,Hennepin County,Commissioner,4,$0.00,$0.00,$0.00,2018-02-03
"Spencer, Eldon",Eldon Spencer for Council,07/05/2017,,Bloomington,Council Member,2,"$11,129.22","$11,040.33",$88.89,2018-02-03
"Springer, Tim",Springer for One and All,11/04/2013,02/23/2015,Minneapolis,Council Member,9,$0.00,$0.00,$0.00,2018-02-03
"Stanek, Richard W",Sheriff Stanek Volunteer Committee,11/01/2005,,Hennepin County,Sheriff,,"$56,198.00","$33,957.47","$115,923.78",2018-02-03
"Steele, Matt",Neighbors for Matt Steele,09/04/2013,02/04/2015,Minneapolis,Council Member,11,$0.00,$0.00,$0.00,2018-02-03
"Steele, Penny",Steele for Parks Committee,07/12/2012,,Hennepin County,Three Rivers Park District,1,$0.00,$0.00,$803.08,2018-02-03
"Stein, Jerry",Jerry Stein for City Council,11/29/2004,02/04/2015,Minneapolis,Council Member,2,$0.00,$0.00,$2.95,2018-02-03
"Stenglein, Mark",Mark Stenglein Volunteer Committee,03/21/1996,01/31/2013,Hennepin County,Commissioner,2,$0.00,$0.00,$92.57,2018-02-03
"Stenglein, Mark",Friends of Mark Stenglein,01/24/2018,,Hennepin County,Commissioner,2,$0.00,$0.00,$0.00,2018-02-03
"Stone, Jason",Jason for Minneapolis Parks,09/03/2013,02/03/2014,Minneapolis,Park Board,At Large,$0.00,$0.00,$0.00,2018-02-03
"Stroud, James","James ""Jimmy' L. Stroud Jr for Mayor",09/19/2013,12/30/2013,Minneapolis,Mayor,,$0.00,$0.00,$0.00,2018-02-03
"Sullentrop, Bob",Bob Sullentrop for Park Board,08/28/2017,01/17/2018,Minneapolis,Park Board,At large,$590.00,$590.00,$0.00,2018-02-03
"Tabb, Anita",Neighbors for Anita,03/03/2009,12/05/2017,Minneapolis,Park Board,4,$0.00,"$6,280.00",$8.33,2018-02-03
"Tate, Michael",Tate for Parks,02/01/2017,,Minneapolis,Park Board,2,"$15,365.74","$14,521.98",$843.76,2018-02-03
"Theisen, Rick",Theisen for Three Rivers Park Bd,10/04/2012,01/15/2013,Hennepin County,Three Rivers Park District,2,$0.00,$0.00,$0.00,2018-02-03
"Thomas, Jim",Jim Thomas for Mayor of Minneapolis,03/29/2013,09/03/2013,Minneapolis,Mayor,,$0.00,$0.00,$11.02,2018-02-03
"Townsend, Dewayne",Dewayne4bet,03/27/2009,02/13/2015,Minneapolis,Estimate & Tax Board,,$0.00,$0.00,$1.93,2018-02-03
"Trepanier, Michael",Trepanier for City Council,05/29/2012,01/16/2013,Brooklyn Park,Council Member,Central,$0.00,$0.00,$0.00,2018-02-03
"True, David",David True for Council Member West,06/02/2016,02/08/2017,Brooklyn Park,Council Member,West,$0.00,$0.00,$0.00,2018-02-03
"Tuthill, Meg",Tuthill for 10th Ward,11/12/2008,01/31/2015,Minneapolis,Council Member,10,$0.00,$0.00,$0.00,2018-02-03
"Velez, Jose",Citizens for Jose Velez,01/14/2009,,Minneapolis,Council Member,1,$0.00,$0.00,$262.76,2018-02-03
"Vetaw, Latrisha",Latrisha Vetaw for Parks,08/14/2017,,Minneapolis,Park Board,At large,"$20,446.00","$19,433.38","$1,012.62",2018-02-03
"Vlaisavljevich, Kim",Kim for Bloomington,07/06/2009,,Bloomington,Council Member,At large,"$1,073.53",$977.19,$97.34,2018-02-03
"Vreeland, Scott",Neighbors for Scott Vreeland,12/28/2004,11/20/2017,Minneapolis,Park Board,3,$0.00,"$1,447.09",$0.00,2018-02-03
"Vreeland, Scott",Neighbors for Scott Vreeland for Park Board At-Large,03/14/2017,11/20/2017,Minneapolis,Park Board,At large,"$5,607.00","$5,607.00",$0.00,2018-02-03
"Wagner, Jeffrey",Jeffrey Wagner for Mayor,10/17/2013,03/05/2014,Minneapolis,Mayor,,$0.00,$0.00,$0.00,2018-02-03
"Wahlstedt, Dave",Dave for Commissioner,06/14/2012,01/30/2013,Hennepin County,Commissioner,6,$0.00,$0.00,$0.00,2018-02-03
"Walser, Bob",Bob Walser for MPS,02/23/2016,01/25/2017,Minneapolis,School Board,4,$0.00,$0.00,$19.05,2018-02-03
"Warsame, Abdi",Warsame Volunteer Committee,01/03/2013,,Minneapolis,Council Member,6,"$39,906.60","$109,625.42","$25,263.35",2018-02-03
"Wefel, Zachary",Wefel for Ward 1 Campaign Committee,12/01/2016,,Minneapolis,Council Member,1,$0.00,$0.00,$-28.03,2018-02-03
"Weingartner, David",David Weingartner for School Board,02/29/2012,01/15/2013,Minneapolis,School Board,6,$0.00,$0.00,$0.00,2018-02-03
"Wheeler, David",Volunteers for Wheeler,05/21/2009,,Minneapolis,Estimate & Tax Board,,$250.00,$100.00,$399.96,2018-02-03
"White, Terry",Neighbors for Terry,04/06/2017,01/12/2018,Minneapolis,Council Member,8,"$6,324.00","$6,322.83",$1.17,2018-02-03
"Wieland, Jeremy",Jeremy for City Council,02/17/2005,02/01/2016,Minneapolis,Council Member,3,$0.00,$0.00,$0.00,2018-02-03
"Wielinski, Liz",Wielinski for Parks Volunteer Committee,11/26/2008,11/01/2017,Minneapolis,Park Board,1,$75.00,"$11,352.18",$7.50,2018-02-03
"Wilcox, Vern",Wilcox for Council District 4,07/20/1993,,Bloomington,Council Member,4,$0.00,$0.00,$136.39,2018-02-03
"Williams, Raeisha",Raeisha Williams for Minneapolis  City Council Ward 5,09/08/2016,,Minneapolis,Council Member,5,"$5,956.50","$1,538.48","$6,832.91",2018-02-03
"Wilson, David",David John Wilson for Magical Thinking,08/28/2017,01/30/2018,Minneapolis,Mayor,,"$2,161.00","$2,161.00",$0.00,2018-02-03
"Wilson, John",John Wilson 4 Mayor,04/24/2013,02/01/2016,Minneapolis,Mayor,,$0.00,$0.00,$41.68,2018-02-03
"Winstead, Gene",Winstead for Mayor,04/02/1999,,Bloomington,Mayor,,$0.00,$0.00,"$2,318.04",2018-02-03
"Winston, Hollies",Hollies Winston for Brooklyn Park,12/04/2017,,Brooklyn Park,Mayor,,$0.00,$0.00,$0.00,2018-02-03
"Winton, Cam",Winton for Mayor,01/10/2013,01/31/2014,Minneapolis,Mayor,,$0.00,$0.00,$0.00,2018-02-03
"Woodbeck, Dale",Woodbeck for Parks,07/31/2008,02/20/2013,Hennepin County,Three Rivers Park District,4,$0.00,$0.00,$0.00,2018-02-03
"Woodruff, Stephanie",Woodruff for Mayor,06/04/2013,01/31/2014,Minneapolis,Mayor,,$0.00,$0.00,$0.00,2018-02-03
"Woodruff, Susan","Susan ""Hofmeister"" Woodruff",07/17/2017,12/11/2017,Bloomington,Council Member,At large,$528.00,$519.25,$8.75,2018-02-03
"Workcuff, Rahn",Rahn V Workcuff for Mayor,09/10/2013,03/19/2014,Minneapolis,Mayor,,$0.00,$0.00,$0.00,2018-02-03
"Workcuff, Rahn V",Rahn V Workcuff,07/16/2008,01/28/2016,Hennepin County,Hennepin Conservation District,3,$0.00,$0.00,$0.00,2018-02-03
"Wyatt, Sara",Wyatt for Parks Volunteer Committee,09/17/2012,11/14/2012,Hennepin County,Three Rivers Park District,1,$0.00,$0.00,$0.00,2018-02-03
"Wycoff, Patty",Patty for School Board,07/09/2012,02/03/2014,Minneapolis,School Board,4,$0.00,$0.00,$0.00,2018-02-03
"Yang, Blong",Blong Yang for Commissioner HC D2,04/20/2012,02/01/2013,Hennepin County,Commissioner,2,$0.00,$0.00,$0.00,2018-02-03
"Yang, Blong",Yang for City Council Campaign Committee,02/28/2013,,Minneapolis,Council Member,5,"$52,444.90","$49,092.95","$27,134.77",2018-02-03
"Yonis, Hashim",Yonis for Park Board,08/23/2013,02/24/2015,Minneapolis,Park Board,At Large,$0.00,$0.00,$0.00,2018-02-03
"Young, Annie",Young for Parks,02/28/2001,,Minneapolis,Park Board,At large,$0.00,$0.00,$13.99,2018-02-03
"Yusuf, Fadumo",Fadumo's Campaign Voice of Ward 6,03/01/2017,,Minneapolis,Council Member,6,"$3,786.04","$3,786.04",$0.00,2018-02-03
"Zea-Aida, Teqen",People of Minneapolis for Teqen,08/10/2017,,Minneapolis,Council Member,7,"$8,118.00","$3,870.41","$4,247.59",2018-02-03
"Zielinski, Jennifer",Jennifer Zielinski for Park Board District 6,08/29/2017,01/31/2018,Minneapolis,Park Board,6,$212.00,$208.00,$4.00,2018-02-03
,,,,,,,,,,2018-02-03
,,,,,,,,,,2018-02-03
,,,,,,,,,,2018-02-03
